temperature,humidity,gas,temp_change,gas_change,room,risk
24,55,10,0.1,1,medicine,0
26,50,15,0.2,2,medicine,0
28,48,20,0.3,3,medicine,0
29,45,25,0.5,5,medicine,0
31,45,35,1.0,8,medicine,1
34,40,50,2.0,12,medicine,1
38,35,70,3.0,18,medicine,1
42,30,90,5.0,25,medicine,1
25,60,8,0.1,1,warehouse,0
28,55,15,0.2,2,warehouse,0
31,50,20,0.3,3,warehouse,0
34,48,30,0.5,5,warehouse,0
36,45,45,1.0,8,warehouse,1
39,40,60,2.0,12,warehouse,1
43,35,75,3.0,18,warehouse,1
48,30,90,5.0,25,warehouse,1
22,45,8,0.1,1,server,0
24,43,12,0.2,2,server,0
26,42,18,0.3,3,server,0
27,40,25,0.5,5,server,0
29,38,40,1.0,8,server,1
32,35,55,2.0,12,server,1
36,30,75,3.0,18,server,1
40,25,90,5.0,25,server,1
